x,y,r,g,b
40,13,84,83,89
34,14,94,93,99
35,14,66,65,71
32,15,79,78,84
35,15,92,91,97
38,15,66,65,71
38,16,77,85,108
42,17,65,62,83
32,18,68,75,81
42,18,75,72,91
38,19,73,78,100
32,20,84,89,92
35,20,99,94,100
35,21,80,75,82
34,76,103,102,107
40,76,70,70,72
42,77,105,104,109
32,78,93,92,98
33,79,98,97,105
38,79,96,95,101
32,81,78,106,118
38,81,88,116,119
38,82,63,77,90
38,83,62,71,80
39,83,101,110,125
287,86,90,106,132
290,86,36,70,107
145,87,51,67,80
146,87,85,101,114
147,87,85,101,114
148,87,92,108,121
149,87,89,105,118
150,87,90,106,119
151,87,73,89,102
152,87,63,79,92
153,87,94,110,123
154,87,82,98,111
155,87,92,108,121
156,87,64,80,93
157,87,68,84,97
158,87,89,105,118
160,87,91,105,118
161,87,72,84,96
286,87,83,104,125
287,87,47,73,96
288,87,36,74,111
290,87,67,102,134
291,87,79,110,139
292,87,77,103,130
293,87,80,102,126
294,87,86,107,128
297,87,63,76,85
143,88,85,110,132
144,88,88,104,117
145,88,94,110,123
149,88,68,84,97
150,88,91,107,120
151,88,73,89,102
159,88,86,102,115
160,88,80,97,113
161,88,84,107,125
162,88,52,75,93
163,88,46,64,78
164,88,91,100,105
280,88,68,84,99
284,88,93,120,137
285,88,86,106,117
286,88,93,104,108
288,88,95,95,97
295,88,77,91,104
296,88,83,102,119
297,88,84,105,126
298,88,58,83,105
299,88,69,97,121
300,88,69,99,127
138,89,101,110,119
139,89,70,82,94
140,89,93,109,124
141,89,77,96,111
142,89,86,107,124
143,89,81,102,119
145,89,55,73,87
162,89,51,69,83
163,89,59,78,93
164,89,50,69,83
166,89,80,88,91
277,89,58,71,88
278,89,53,73,98
279,89,65,90,120
280,89,95,103,126
281,89,89,101,127
282,89,92,112,139
283,89,70,94,120
284,89,78,103,125
301,89,65,95,123
302,89,61,92,121
303,89,59,90,121
137,90,59,78,95
138,90,66,89,107
139,90,71,94,112
145,90,101,102,104
163,90,79,92,101
164,90,49,70,87
165,90,49,72,90
166,90,40,58,72
167,90,53,63,72
275,90,55,84,102
276,90,59,79,103
277,90,68,82,108
278,90,79,91,115
280,90,65,91,128
281,90,43,64,95
303,90,78,93,100
304,90,63,80,96
305,90,83,97,110
135,91,87,101,112
136,91,76,103,124
165,91,60,74,87
166,91,51,72,89
167,91,43,66,84
168,91,64,74,83
274,91,47,74,83
304,91,66,91,113
305,91,67,88,107
133,92,88,111,127
134,92,68,90,111
135,92,66,91,111
166,92,96,106,116
167,92,55,74,91
168,92,52,71,88
169,92,68,84,97
272,92,61,86,108
273,92,71,92,113
305,92,78,104,127
306,92,82,103,120
307,92,95,109,120
132,93,54,79,99
133,93,54,81,102
168,93,60,81,98
169,93,53,70,86
170,93,58,71,80
306,93,80,101,120
307,93,78,95,111
131,94,78,100,114
169,94,104,114,123
170,94,65,74,81
270,94,62,79,99
271,94,68,86,110
307,94,67,86,103
308,94,73,92,107
409,94,95,106,124
411,94,102,105,120
129,95,66,88,109
130,95,80,99,113
269,95,71,87,103
270,95,86,104,126
308,95,82,105,123
309,95,62,81,96
408,95,72,87,106
409,95,59,72,91
410,95,96,104,125
128,96,80,94,103
172,96,73,85,101
266,96,31,74,117
269,96,98,109,115
310,96,74,88,101
407,96,89,115,140
408,96,73,89,104
127,97,58,70,92
128,97,78,91,100
172,97,77,89,103
173,97,82,104,118
266,97,45,82,124
310,97,51,65,78
311,97,83,104,123
404,97,65,82,100
405,97,94,112,132
406,97,70,91,112
407,97,70,95,117
173,98,70,92,106
264,98,60,86,109
311,98,61,80,97
404,98,68,89,108
406,98,67,84,102
407,98,75,94,111
124,99,103,115,127
126,99,79,92,108
173,99,63,85,99
174,99,97,119,133
263,99,96,111,130
264,99,64,84,111
265,99,78,94,119
266,99,98,111,130
310,99,98,108,118
311,99,52,69,85
312,99,82,92,101
403,99,64,86,107
404,99,73,94,115
123,100,90,105,126
124,100,46,64,84
125,100,96,114,128
173,100,90,109,124
174,100,73,94,111
263,100,96,111,130
311,100,57,73,88
312,100,46,60,71
402,100,88,109,126
403,100,71,92,113
123,101,96,111,134
174,101,67,90,106
262,101,94,110,123
263,101,85,98,107
311,101,59,71,85
312,101,48,64,80
313,101,92,102,111
402,101,77,96,113
403,101,72,89,107
121,102,66,78,100
122,102,57,68,88
174,102,66,89,105
261,102,67,88,105
311,102,80,92,104
312,102,48,65,83
313,102,69,79,88
401,102,74,93,110
402,102,63,82,99
119,103,93,92,98
120,103,61,93,118
121,103,71,93,116
174,103,70,93,111
260,103,67,91,115
312,103,62,80,100
393,103,88,104,117
394,103,86,100,111
399,103,92,102,112
400,103,66,87,106
401,103,79,100,119
109,104,86,103,121
110,104,84,103,120
113,104,105,118,124
119,104,70,102,127
174,104,90,107,123
175,104,78,104,127
250,104,83,110,129
251,104,83,113,139
254,104,77,99,138
259,104,80,91,109
312,104,73,91,111
391,104,61,82,103
392,104,67,90,108
393,104,68,89,108
394,104,70,89,106
395,104,69,88,105
396,104,101,119,139
397,104,78,100,121
398,104,59,85,108
399,104,67,95,119
400,104,86,105,120
109,105,56,75,92
111,105,73,90,108
112,105,51,71,82
113,105,82,99,109
116,105,86,91,120
118,105,88,106,130
119,105,75,101,116
175,105,65,92,113
249,105,77,94,120
250,105,46,66,93
254,105,64,86,127
255,105,35,57,94
256,105,99,104,110
257,105,94,103,112
312,105,80,101,122
313,105,103,117,130
390,105,69,87,109
391,105,72,93,114
396,105,96,108,130
397,105,58,74,99
398,105,86,106,133
108,106,63,86,104
115,106,62,84,98
118,106,84,91,101
175,106,64,86,107
248,106,84,102,112
255,106,87,115,119
312,106,94,116,137
313,106,81,97,113
389,106,65,80,99
390,106,77,95,115
107,107,76,102,119
108,107,83,109,126
175,107,81,102,121
176,107,94,110,125
247,107,65,81,104
248,107,73,101,123
313,107,73,92,109
389,107,93,109,124
107,108,74,100,117
176,108,66,87,104
247,108,75,95,102
313,108,67,84,100
107,109,79,98,113
176,109,66,91,111
247,109,78,100,111
313,109,82,98,113
314,109,104,120,133
388,109,100,115,122
106,110,79,96,112
107,110,102,116,129
176,110,67,95,116
247,110,69,89,114
314,110,75,89,102
387,110,81,91,101
388,110,92,104,116
106,111,80,96,111
176,111,77,105,127
177,111,97,118,135
246,111,79,94,113
247,111,76,96,123
314,111,85,99,110
387,111,85,94,109
105,112,83,103,127
106,112,78,100,114
176,112,79,109,133
177,112,81,106,126
246,112,62,90,104
314,112,61,89,113
105,113,73,93,117
106,113,72,91,106
176,113,86,116,140
245,113,87,119,140
246,113,75,101,114
314,113,78,106,130
387,113,102,107,113
105,114,87,105,127
245,114,68,95,116
314,114,71,99,123
104,115,94,114,139
105,115,72,90,110
245,115,73,95,116
314,115,73,101,125
386,115,84,93,102
104,116,65,87,111
105,116,83,100,120
177,116,90,112,133
244,116,80,98,120
245,116,76,94,114
314,116,69,97,121
104,117,63,85,109
244,117,69,89,113
314,117,79,107,131
385,117,89,101,113
104,118,70,94,118
244,118,65,89,115
385,118,79,93,104
103,119,96,111,130
104,119,68,92,116
177,119,93,114,135
243,119,85,107,120
244,119,63,89,116
315,119,68,93,115
385,119,74,88,101
103,120,81,105,129
104,120,83,97,123
243,120,71,93,114
315,120,72,97,119
103,121,74,98,122
104,121,80,92,116
243,121,68,90,111
315,121,77,102,124
384,121,97,111,124
103,122,70,94,118
104,122,93,105,127
242,122,88,109,128
243,122,70,92,115
315,122,81,106,128
384,122,94,106,118
21,123,93,93,95
103,123,61,87,110
242,123,80,102,123
243,123,72,94,117
315,123,75,100,122
384,123,82,92,102
20,124,91,91,93
23,124,87,88,92
103,124,60,86,109
242,124,78,100,124
243,124,66,88,112
315,124,63,88,110
384,124,74,83,92
23,125,81,84,89
103,125,63,91,113
242,125,70,94,120
243,125,73,95,119
315,125,62,87,109
103,126,62,90,111
242,126,62,88,115
315,126,74,99,121
383,126,59,69,81
20,127,69,69,71
103,127,64,95,115
177,127,88,108,133
242,127,61,87,114
315,127,85,110,132
383,127,76,85,100
102,128,83,102,132
103,128,64,92,114
177,128,89,112,128
178,128,79,105,122
242,128,62,84,105
315,128,64,76,88
383,128,74,94,118
102,129,93,108,139
103,129,72,96,120
177,129,91,114,130
178,129,74,99,119
242,129,68,90,111
315,129,91,103,115
383,129,46,66,90
19,130,75,75,77
21,130,70,70,72
177,130,91,114,132
178,130,67,92,112
242,130,63,85,106
383,130,70,90,114
16,131,79,79,81
20,131,91,92,94
103,131,84,99,122
177,131,94,117,135
178,131,64,89,109
242,131,59,81,102
316,131,89,105,120
383,131,72,92,116
17,132,105,106,110
18,132,104,105,109
103,132,78,90,112
178,132,65,90,112
242,132,65,87,110
316,132,70,86,101
383,132,70,90,114
19,133,80,84,87
20,133,101,105,108
103,133,96,108,130
178,133,65,90,112
242,133,61,86,108
316,133,68,84,99
383,133,71,91,115
178,134,64,89,111
242,134,57,81,105
316,134,76,92,107
383,134,49,69,93
102,135,104,114,139
178,135,65,89,113
242,135,64,88,112
316,135,83,99,114
383,135,66,86,110
102,136,82,98,114
177,136,96,116,140
178,136,66,88,111
242,136,61,87,110
316,136,96,114,128
102,137,96,112,128
178,137,68,90,113
242,137,60,85,107
316,137,73,91,105
382,137,96,111,140
101,138,68,85,101
102,138,50,67,83
178,138,65,90,112
242,138,73,95,116
316,138,71,89,103
382,138,50,65,94
100,139,92,106,117
101,139,47,68,85
177,139,98,119,140
178,139,66,91,113
241,139,70,89,106
242,139,96,115,132
316,139,75,94,108
382,139,82,97,126
16,140,88,88,90
100,140,45,64,78
101,140,40,59,74
178,140,66,91,111
240,140,81,95,108
241,140,65,84,99
316,140,72,91,105
382,140,71,86,115
16,141,71,71,73
38,141,101,93,117
39,141,69,60,87
42,141,76,73,90
99,141,63,76,85
100,141,57,76,91
102,141,96,101,105
178,141,66,91,111
240,141,43,59,74
241,141,46,63,79
316,141,84,103,117
382,141,81,96,125
38,142,67,57,91
99,142,38,57,72
100,142,49,68,83
178,142,59,84,104
179,142,54,68,79
180,142,86,89,94
240,142,54,72,86
241,142,38,56,70
316,142,90,109,123
382,142,47,62,91
42,143,68,64,89
98,143,74,84,93
99,143,48,69,88
100,143,39,56,72
178,143,52,77,97
240,143,55,72,88
316,143,71,90,104
382,143,64,78,107
42,144,65,62,81
98,144,36,56,83
99,144,56,78,101
178,144,54,75,102
179,144,54,80,103
180,144,56,74,96
181,144,75,82,101
239,144,85,99,110
240,144,41,59,73
316,144,83,101,123
382,144,103,106,121
34,145,89,87,101
35,145,73,70,89
98,145,40,57,85
99,145,41,63,84
100,145,93,97,100
178,145,58,70,92
179,145,46,63,83
180,145,46,65,80
181,145,58,71,87
182,145,104,111,119
239,145,67,81,92
240,145,42,60,74
241,145,81,86,92
319,145,76,103,133
98,146,52,69,95
99,146,34,55,76
100,146,100,104,105
178,146,102,104,119
180,146,76,93,100
181,146,54,72,82
182,146,46,58,70
239,146,50,64,75
240,146,43,61,75
241,146,99,104,110
318,146,68,90,114
319,146,75,99,125
320,146,55,62,70
381,146,73,92,109
38,147,89,86,103
39,147,105,102,121
42,147,93,90,109
98,147,77,94,120
99,147,38,59,78
181,147,55,70,77
182,147,63,79,94
240,147,47,65,79
317,147,52,69,87
320,147,90,100,109
380,147,70,90,101
39,148,68,67,73
99,148,60,78,98
182,148,55,71,84
183,148,34,56,79
240,148,49,67,81
317,148,76,90,103
321,148,88,100,112
380,148,50,68,80
17,149,99,104,110
99,149,74,92,114
182,149,52,65,73
183,149,54,76,97
238,149,71,81,90
240,149,58,76,90
317,149,93,103,112
380,149,88,106,118
99,150,88,104,127
183,150,65,78,94
184,150,90,106,122
239,150,56,72,95
240,150,95,113,127
380,150,55,71,84
99,151,66,82,107
183,151,94,98,110
184,151,79,97,117
239,151,73,91,115
321,151,90,109,124
322,151,105,116,136
380,151,55,71,84
99,152,55,74,104
184,152,92,100,119
238,152,94,109,130
239,152,70,95,117
321,152,73,95,118
322,152,84,104,128
380,152,97,107,117
17,153,85,80,87
99,153,56,75,105
238,153,58,73,96
239,153,81,105,129
321,153,87,108,129
322,153,85,106,127
99,154,71,88,118
184,154,72,80,101
238,154,60,75,98
321,154,88,107,124
322,154,68,86,106
379,154,59,75,90
99,155,78,95,123
238,155,55,70,93
322,155,76,95,112
379,155,53,70,86
99,156,67,84,112
184,156,74,84,109
238,156,90,104,130
322,156,66,84,98
379,156,55,76,93
99,157,59,75,101
184,157,99,109,134
238,157,50,64,91
322,157,47,65,77
323,157,84,100,116
379,157,79,101,122
99,158,61,77,103
184,158,84,94,121
238,158,49,63,90
323,158,72,87,106
379,158,48,73,95
99,159,61,77,103
238,159,56,70,97
322,159,46,63,71
323,159,69,86,104
379,159,43,68,90
99,160,59,85,108
185,160,100,112,124
238,160,52,70,92
322,160,72,79,87
323,160,70,86,101
379,160,52,79,98
20,161,62,65,70
99,161,52,78,101
185,161,72,86,99
238,161,52,70,92
322,161,99,106,114
323,161,60,76,91
379,161,46,73,92
99,162,51,77,100
185,162,74,90,105
238,162,48,66,88
323,162,54,70,85
324,162,96,112,127
379,162,44,71,90
99,163,51,77,100
185,163,67,86,101
238,163,47,65,87
323,163,48,62,75
324,163,75,92,108
379,163,44,71,90
99,164,62,88,111
185,164,74,93,108
186,164,91,108,126
238,164,49,67,89
323,164,53,67,80
324,164,64,83,100
379,164,56,83,102
20,165,83,83,85
99,165,72,98,121
185,165,76,94,108
186,165,75,96,115
238,165,51,69,91
323,165,91,103,115
324,165,54,72,92
325,165,85,99,112
379,165,66,93,112
21,166,100,101,103
99,166,62,88,111
186,166,68,91,107
238,166,62,80,102
324,166,64,85,104
325,166,99,115,130
379,166,56,83,102
99,167,52,78,101
186,167,77,103,118
187,167,80,106,119
238,167,81,99,121
324,167,97,118,139
325,167,72,90,104
379,167,46,73,92
99,168,54,80,103
186,168,88,105,123
187,168,68,94,117
238,168,50,68,90
325,168,69,94,114
326,168,71,88,108
379,168,47,74,93
99,169,54,80,103
186,169,95,111,126
187,169,61,86,108
238,169,50,68,90
325,169,72,93,112
326,169,57,75,95
379,169,47,74,93
99,170,54,80,103
187,170,71,93,114
238,170,50,68,90
326,170,73,94,113
379,170,47,74,93
99,171,54,80,103
187,171,75,92,108
188,171,62,84,107
238,171,50,68,90
326,171,80,99,116
327,171,66,89,107
379,171,47,74,93
99,172,54,80,103
188,172,74,92,112
238,172,50,68,90
327,172,72,95,113
328,172,69,93,117
329,172,73,94,115
379,172,47,74,93
99,173,54,80,103
189,173,72,93,112
238,173,50,68,90
327,173,69,88,105
328,173,58,84,109
329,173,61,85,109
330,173,71,92,111
379,173,47,74,93
99,174,54,80,103
189,174,61,79,93
190,174,60,81,98
238,174,50,68,90
329,174,74,95,116
330,174,69,91,112
331,174,71,92,111
332,174,52,69,85
333,174,79,91,103
379,174,47,74,93
99,175,54,80,103
189,175,86,100,111
190,175,46,69,87
191,175,58,80,94
192,175,102,103,108
238,175,50,68,90
330,175,80,101,122
332,175,44,69,91
333,175,53,72,89
334,175,52,66,79
335,175,62,72,82
379,175,47,74,93
52,176,53,82,96
99,176,56,83,104
191,176,66,79,88
192,176,47,73,98
193,176,44,62,76
238,176,57,64,90
334,176,42,59,75
335,176,51,72,91
336,176,44,70,85
337,176,37,59,73
338,176,54,68,79
339,176,97,104,114
379,176,48,69,88
99,177,56,83,104
192,177,75,91,106
193,177,57,73,86
194,177,43,60,70
195,177,56,69,75
238,177,57,67,92
337,177,52,69,89
338,177,57,75,95
339,177,51,70,87
340,177,91,110,125
379,177,56,78,99
53,178,80,97,115
99,178,53,80,101
193,178,99,112,121
194,178,54,77,95
195,178,43,65,86
196,178,42,58,73
238,178,53,63,88
339,178,42,65,81
340,178,72,98,121
341,178,62,88,115
342,178,61,87,114
343,178,78,102,130
344,178,53,84,115
345,178,60,87,116
379,178,66,91,111
99,179,53,80,101
195,179,45,66,87
196,179,56,74,96
197,179,76,92,108
238,179,48,60,84
341,179,85,104,119
342,179,93,114,135
345,179,68,92,118
346,179,73,93,117
347,179,79,96,114
379,179,56,81,103
54,180,80,93,110
99,180,62,89,110
196,180,53,70,88
197,180,75,97,121
198,180,58,82,106
199,180,68,93,115
238,180,50,62,84
346,180,61,78,98
347,180,54,73,90
348,180,83,102,117
349,180,95,113,127
379,180,43,70,89
54,181,68,80,92
55,181,73,92,109
99,181,77,104,125
198,181,60,86,111
199,181,65,91,118
200,181,93,115,136
201,181,76,97,116
202,181,81,98,114
238,181,54,67,86
348,181,56,81,101
349,181,55,84,102
350,181,72,101,119
379,181,45,70,90
99,182,84,111,132
198,182,84,100,116
199,182,81,97,120
200,182,74,95,122
201,182,69,90,117
202,182,60,80,105
203,182,93,111,135
207,182,103,116,135
238,182,65,76,94
379,182,48,74,91
57,183,97,115,137
99,183,84,111,132
204,183,88,109,130
206,183,57,78,99
207,183,63,84,105
208,183,82,98,114
238,183,82,94,110
350,183,76,96,121
379,183,54,80,97
57,184,69,80,100
58,184,68,84,109
59,184,94,112,136
204,184,67,84,100
205,184,67,88,107
208,184,33,73,108
238,184,69,78,95
351,184,105,102,111
352,184,65,87,111
353,184,77,97,121
354,184,36,57,78
355,184,43,60,80
379,184,51,73,94
59,185,59,77,97
60,185,85,102,120
211,185,83,106,124
238,185,48,57,74
356,185,82,97,116
379,185,48,70,91
61,186,80,94,105
209,186,61,83,97
211,186,67,84,110
212,186,76,92,118
238,186,65,77,93
356,186,47,64,90
359,186,45,73,95
379,186,50,72,93
98,187,70,98,122
209,187,48,70,84
210,187,62,80,102
213,187,78,93,112
238,187,47,60,77
357,187,73,92,125
358,187,70,93,125
359,187,58,83,113
360,187,62,88,101
379,187,52,77,99
61,188,99,115,130
62,188,88,103,122
65,188,100,115,136
98,188,55,83,107
214,188,73,103,131
216,188,66,92,125
217,188,74,100,127
238,188,55,70,91
360,188,65,86,113
368,188,96,105,112
379,188,37,63,86
62,189,77,98,119
63,189,39,65,90
64,189,43,66,82
65,189,55,76,93
66,189,88,107,121
67,189,76,92,105
98,189,47,75,99
214,189,76,98,121
216,189,60,87,117
217,189,54,80,107
218,189,76,101,121
238,189,43,61,85
362,189,63,80,108
363,189,94,109,138
365,189,102,113,133
367,189,98,107,114
368,189,63,77,88
371,189,89,106,122
379,189,52,82,108
63,190,57,92,114
64,190,38,65,94
66,190,85,109,133
68,190,87,104,122
98,190,45,73,97
216,190,80,97,107
220,190,61,95,132
222,190,37,77,113
238,190,69,90,117
365,190,90,119,137
366,190,66,98,119
373,190,90,115,137
374,190,68,90,113
377,190,67,83,96
379,190,51,85,113
68,191,81,100,115
69,191,81,97,110
98,191,45,73,97
220,191,44,79,117
221,191,54,96,138
222,191,47,92,134
224,191,94,103,118
226,191,93,107,116
227,191,92,106,115
235,191,73,91,95
236,191,63,83,90
237,191,98,119,136
372,191,87,113,138
373,191,51,77,102
376,191,54,71,87
378,191,41,85,120
69,192,71,91,116
70,192,48,73,103
98,192,59,68,77
223,192,52,62,74
227,192,39,59,86
228,192,70,95,126
229,192,61,90,124
234,192,37,66,98
235,192,71,96,126
236,192,63,83,108
237,192,73,89,112
375,192,71,77,89
376,192,55,64,73
378,192,83,90,98
71,193,58,82,110
74,193,80,98,118
98,193,66,75,84
227,193,77,101,125
228,193,33,60,87
233,193,64,100,126
234,193,63,95,120
73,194,63,80,98
74,194,72,88,104
75,194,87,101,114
98,194,92,102,111
98,195,66,76,86
76,196,78,90,102
77,196,99,115,128
98,196,58,68,80
77,197,65,81,94
81,197,100,103,108
98,197,81,93,105
81,198,44,87,122
98,198,101,113,127
85,199,86,114,136
86,199,48,75,96
87,199,44,69,91
89,199,54,70,86
90,199,73,86,102
97,199,84,97,113
87,200,84,102,116
88,200,32,56,82
89,200,50,76,103
90,200,63,90,119
92,200,61,95,130
93,200,36,74,110
94,200,38,78,113
96,200,50,64,77
97,200,89,101,113
91,201,50,84,119
92,201,56,94,130
94,201,45,88,123
38,204,81,79,92
39,204,105,104,122
38,205,75,73,87
38,206,105,103,114
42,206,64,62,73
42,207,66,64,77
32,208,105,104,110
38,208,95,91,118
39,210,74,72,85
32,211,89,88,93
33,211,89,87,98
40,211,82,82,84
41,211,91,90,95
40,265,103,101,106
38,267,64,64,72
38,268,82,82,94
42,269,60,64,89
42,270,55,60,89
38,271,71,72,92
57,272,85,84,89
225,272,76,76,78
189,273,102,102,104
47,281,73,75,100
106,281,93,98,120
113,281,82,78,93
116,281,89,88,102
167,281,68,71,76
173,281,85,77,88
176,281,100,103,112
233,281,81,81,89
235,281,66,65,70
288,281,98,98,100
292,281,93,93,95
293,281,97,97,99
295,281,97,97,99
413,281,94,108,109
50,282,92,87,107
56,282,93,85,108
106,282,75,79,108
112,282,75,73,86
116,282,96,95,111
170,282,97,106,113
176,282,76,80,89
236,282,59,58,90
288,282,83,83,85
289,282,81,81,83
295,282,88,88,90
408,282,63,77,88
409,282,85,96,98
55,283,104,99,105
106,283,96,98,136
176,283,97,101,112
232,283,51,62,80
408,283,51,65,76
412,283,67,75,112
47,284,96,105,138
56,284,99,93,119
107,284,87,95,131
113,284,72,76,103
167,284,98,106,119
228,284,79,85,107
232,284,94,114,123
353,284,97,92,98
355,284,70,71,76
56,285,95,91,118
106,285,65,68,111
176,285,64,70,82
416,285,87,94,102
46,286,48,72,108
112,286,57,69,91
166,286,55,66,88
177,286,82,89,99
232,286,62,89,119
293,286,71,71,73
353,286,85,80,86
354,286,87,84,91
356,286,73,76,81
412,286,93,106,140
416,286,82,91,98
177,287,76,84,95
356,287,93,96,101
412,287,57,70,104
416,287,94,103,112
226,288,88,86,97
295,288,99,100,102
234,289,80,79,87
295,289,103,104,106
252,301,51,64,72
212,302,61,67,81
223,302,50,63,71
246,302,61,69,72
247,302,53,66,72
212,303,61,67,81
222,303,78,87,96
247,303,88,103,108
212,304,41,77,109
224,304,48,75,82
231,304,100,104,105
252,304,60,70,82
253,304,93,103,115
212,305,36,71,99
224,305,53,78,85
252,305,60,69,84
253,305,70,79,96
212,306,42,72,96
224,306,55,75,82
252,306,51,58,76
253,306,97,103,127
212,307,44,70,87
224,307,51,70,74
230,307,75,76,81
220,308,56,70,79
224,308,93,107,108
231,308,72,72,74
241,309,65,65,73
252,309,80,79,93
